{
    "Name": "CustomRoleIoTLabCosmosDB",
    "Id": "a1250954-043d-41db-b4fe-ba63c733a9af",
    "IsCustom": true,
    "Description": "Lets you manage virtual machines, networks storage",
    "Actions": [
        "Microsoft.Authorization/*/read",
        "Microsoft.Insights/alertRules/*",
        "Microsoft.Insights/diagnosticSettings/*",
        "Microsoft.Network/virtualNetworks/subnets/joinViaServiceEndpoint/action",
        "Microsoft.ResourceHealth/availabilityStatuses/read",
        "Microsoft.Resources/deployments/*",
        "Microsoft.Resources/subscriptions/resourceGroups/read",
        "Microsoft.Compute/availabilitySets/*",
        "Microsoft.Compute/locations/*",
        "Microsoft.DocumentDb/databaseAccounts/*",
        "Microsoft.Support/*"
    ],
    "NotActions": [],
    "DataActions": [],
    "NotDataActions": [],
    "AssignableScopes": [
        "/subscriptions/c0ec6f80-33d1-4f5a-aeee-968b216cb574/resourceGroups/tl-test-43"
    ]
}