{
    "Name": "CustomRoleIoTLabEventHub",
    "Id": "8bd6cdd1-df40-46b0-9bbd-bf01815ccf81",
    "IsCustom": true,
    "Description": "Lets you manage virtual machines, networks storage",
    "Actions": [
        "Microsoft.Authorization/*/read",
        "Microsoft.Insights/alertRules/*",
        "Microsoft.Insights/diagnosticSettings/*",
        "Microsoft.Network/virtualNetworks/subnets/joinViaServiceEndpoint/action",
        "Microsoft.ResourceHealth/availabilityStatuses/read",
        "Microsoft.Resources/deployments/*",
        "Microsoft.Resources/subscriptions/resourceGroups/read",
        "Microsoft.Compute/availabilitySets/*",
        "Microsoft.Compute/locations/*",
        "Microsoft.EventHub/*",
		"Microsoft.Devices/*",
        "Microsoft.Support/*"
    ],
    "NotActions": [],
    "DataActions": [],
    "NotDataActions": [],
    "AssignableScopes": [
        "/subscriptions/c0ec6f80-33d1-4f5a-aeee-968b216cb574/resourceGroups/tl-test-43"
    ]
}