{
    "if": {
        "anyOf": [
            {
                "allOf": [
                    {
                        "field": "type",
                        "equals": "Microsoft.EventHub/Namespaces"
                    },
                    {
                        "not": {
                            "field": "Microsoft.EventHub/Namespaces/sku.name",
                            "in": [
                                "Standard"
                            ]
                        }
                    }
                ]
            },
            {
                "allOf": [
                    {
                        "field": "type",
                        "equals": "Microsoft.Devices/iotHubs"
                    },
                    {
                        "not": {
                            "field": "Microsoft.Devices/iotHubs/sku.name",
                            "in": [
                                "B1"
                            ]
                        }
                    }
                ]
            }
        ]
    },
    "then": {
        "effect": "Deny"
    }
}