{
        "Name": "CustomAZ301Lab7",
        "Id": "b84e76a8-cb7c-4eda-99fb-d8fd610ffde2",
        "IsCustom": true,
        "Description": "Lets you manage and deploy Serverless Workloads to Azure",
        "Actions": [
            "Microsoft.Authorization/*/read",
            "Microsoft.Storage/storageAccounts/*",
            "microsoft.web/*",
            "Microsoft.ResourceHealth/availabilityStatuses/read",
            "Microsoft.Resources/deployments/*",
            "Microsoft.Resources/subscriptions/resourceGroups/read",
            "Microsoft.Support/*"
        ],
        "NotActions": [],
        "DataActions": [],
        "NotDataActions": [],
        "AssignableScopes": [
            "/subscriptions/c0ec6f80-33d1-4f5a-aeee-968b216cb574/resourceGroups/tl-test-43"
        ]
    }