{
        "Name": "CustomRoleAZ301Lab9",
        "Id": "eecd2889-adff-47ef-bc34-46e4b83b2e59",
        "IsCustom": true,
        "Description": "Creat and manage Network Infrastructure",
        "Actions": 
        [       "Microsoft.Authorization/*/read",
                "Microsoft.Storage/storageAccounts/*",
                "Microsoft.ResourceHealth/availabilityStatuses/read",
                "Microsoft.Resources/deployments/*",
                "Microsoft.Resources/subscriptions/resourceGroups/read",
                "Microsoft.Compute/locations/*",
                "Microsoft.Network/*",
                "Microsoft.Compute/virtualMachines/*",
                "Microsoft.Support/*"
                
        ],
        "NotActions": [],
        "DataActions": [],
        "NotDataActions": [],
        "AssignableScopes": [
                "/subscriptions/ecd40cc5-2666-42cd-a83b-de8bec527b70/resourceGroups/PM-Test-RG"
        ]
}