{
    "if": {
        "anyOf": [
            {
                "allOf": [
                    {
                        "field": "type",
                        "equals": "Microsoft.Storage/storageAccounts"
                    },
                    {
                        "not": {
                            "field": "Microsoft.Storage/storageAccounts/sku.name",
                            "in": [
                                "Standard_LRS",
                                "Premium_LRS"
                            ]
                        }
                    }
                ]
            },
            {
                "allOf": [
                    {
                        "field": "type",
                        "equals": "Microsoft.Compute/virtualMachines"
                    },
                    {
                        "not": {
                            "field": "Microsoft.Compute/virtualMachines/sku.name",
                            "in": [
                                "Standard_DS2_v2",
                                "Standard_DS1_v2",
                                "Standard_B1s"
                            ]
                        }
                    }
                ]
            }
        ]
    },
    "then": {
        "effect": "Deny"
    }
}