{
        "Name": "CustomAZ300Lab5",
        "Id": "0c9c7fa3-176a-4996-a857-32804992b78e",
        "IsCustom": true,
        "Description": "Lets you manage virtual networks and machiens",
        "Actions": [
        "Microsoft.Authorization/*/read",
        "Microsoft.DocumentDB/*",
        "Microsoft.Insights/alertRules/*",
        "Microsoft.Insights/diagnosticSettings/*",
        "Microsoft.Resources/subscriptions/resourceGroups/resources/read",
        "Microsoft.Network/virtualNetworks/subnets/joinViaServiceEndpoint/action",
        "Microsoft.Network/*",
		"Microsoft.Storage/storageAccounts/*",
        "Microsoft.Resources/deployments/*",
        "Microsoft.Resources/subscriptions/resourceGroups/read",
        "Microsoft.Web/*",
        "Microsoft.Search/*",
        "Microsoft.Compute/disks/*",
        "Microsoft.Compute/locations/*",
        "Microsoft.Network/frontDoorWebApplicationFirewallManagedRuleSets/*",
        "Microsoft.Security/webApplicationFirewalls/*",
        "Microsoft.Insights/*",
        "Microsoft.Support/*"
        ],
        "NotActions": [],
        "DataActions": [],
        "NotDataActions": [],
        "AssignableScopes": [
            "/subscriptions/c0ec6f80-33d1-4f5a-aeee-968b216cb574/resourceGroups/tl-test-43"
        ]
    }