{
    "Name": "CustomRoleAZ103Lab3",
    "Id": "f0762d33-c920-4d5f-8bdc-138daf7c5bb3",
    "IsCustom": true,
    "Description": "Lets you manage virtual machines, networks storage",
    "Actions": [
        "Microsoft.Authorization/*/read",
        "Microsoft.Insights/alertRules/*",
        "Microsoft.Insights/diagnosticSettings/*",
        "Microsoft.Network/virtualNetworks/subnets/joinViaServiceEndpoint/action",
        "Microsoft.Network/*",
		"Microsoft.Storage/*",
        "Microsoft.ResourceHealth/availabilityStatuses/read",
        "Microsoft.Resources/deployments/*",
        "Microsoft.Resources/subscriptions/resourceGroups/read",
        "Microsoft.Compute/availabilitySets/*",
        "Microsoft.Compute/locations/*",
        "Microsoft.ServiceBus/*",
        "Microsoft.Logic/*",
		"Microsoft.Web/*"
        "Microsoft.Support/*"
    ],
    "NotActions": [],
    "DataActions": [],
    "NotDataActions": [],
    "AssignableScopes": [
        "/subscriptions/c0ec6f80-33d1-4f5a-aeee-968b216cb574/resourceGroups/tl-test-43"
    ]
}