{
    "Name": "CustomRoleAZ301Lab5",
    "Id": "8870e711-4650-46cf-bee0-89fb67a7565b",
    "IsCustom": true,
    "Description": "Lets you manage virtual machines, networks",
    "Actions": [
        "Microsoft.Authorization/*/read",
        "Microsoft.Insights/alertRules/*",
        "Microsoft.Insights/diagnosticSettings/*",
	    "Microsoft.Resources/subscriptions/resourceGroups/resources/read",
        "Microsoft.Network/virtualNetworks/subnets/joinViaServiceEndpoint/action",
        "Microsoft.Network/*",
		"Microsoft.Storage/*",
        "Microsoft.ResourceHealth/availabilityStatuses/read",
        "Microsoft.Resources/deployments/*",
        "Microsoft.Resources/subscriptions/resourceGroups/read",
        "Microsoft.Compute/availabilitySets/*",
        "Microsoft.Compute/locations/*",
        "Microsoft.SqlVirtualMachine/*",
        "Microsoft.Support/*"
    ],
    "NotActions": [],
    "DataActions": [],
    "NotDataActions": [],
    "AssignableScopes": [
        "/subscriptions/c0ec6f80-33d1-4f5a-aeee-968b216cb574/resourceGroups/tl-test-43"
    ]
}