{
        "Name": "CustomAZ300Lab1",
        "Id": "9abdaff4-7e9e-4219-99a3-7849df18c5ae",
        "IsCustom": true,
        "Description": "Lets you manage virtual networks and machiens",
        "Actions": [
            "Microsoft.Authorization/*/read",
            "Microsoft.KeyVault/*",
            "Microsoft.Network/*",
            "Microsoft.Storage/storageAccounts/*",
            "Microsoft.ResourceHealth/availabilityStatuses/read",
            "Microsoft.Resources/deployments/*",
            "Microsoft.Resources/subscriptions/resourceGroups/read",
            "Microsoft.Compute/locations/*",
            "Microsoft.Compute/virtualMachines/*",
            "Microsoft.Support/*"
        ],
        "NotActions": [],
        "DataActions": [],
        "NotDataActions": [],
        "AssignableScopes": [
            "/subscriptions/c0ec6f80-33d1-4f5a-aeee-968b216cb574/resourceGroups/tl-test-43"
        ]
    }