{
        "Name": "CustomAZ300Lab5",
        "Id": "907c6a4f-5f29-4fac-8555-6bb99fd90a7f",
        "IsCustom": true,
        "Description": "Lets you manage virtual networks and machiens",
        "Actions": [
        "Microsoft.Authorization/*/read",
        "Microsoft.Insights/alertRules/*",
        "Microsoft.Insights/diagnosticSettings/*",
        "Microsoft.Network/*",
		"Microsoft.Storage/storageAccounts/*",
        "Microsoft.ResourceHealth/availabilityStatuses/read",
        "Microsoft.Resources/deployments/*",
        "Microsoft.Resources/subscriptions/resourceGroups/read",
        "Microsoft.Resources/subscriptions/resourceGroups/resources/read",
        "Microsoft.Compute/disks/*",
        "Microsoft.Compute/availabilitySets/*",
        "Microsoft.Compute/locations/*",
        "Microsoft.Compute/virtualMachines/*",
        "Microsoft.Insights/*",
        "Microsoft.Compute/virtualMachineScaleSets/*",
        "Microsoft.SqlVirtualMachine/*",
        "Microsoft.Support/*"
        ],
        "NotActions": [],
        "DataActions": [],
        "NotDataActions": [],
        "AssignableScopes": [
            "/subscriptions/c0ec6f80-33d1-4f5a-aeee-968b216cb574/resourceGroups/tl-test-43"
        ]
    }