{
    "Name": "AZIoTLab6",
    "Id": "e0b5e7b8-f1be-4185-aa12-a064196f23e8",
    "IsCustom": true,
    "Description": "Can create and manage iothub",
    "Actions": [
        "Microsoft.Authorization/*/read",
        "Microsoft.Resources/subscriptions/resourcegroups/read",
        "Microsoft.Resources/deployments/*",
        "Microsoft.RecoveryServices/locations/*",
        "Microsoft.Devices/iotHubs/*",
		"Microsoft.Storage/*",
        "Microsoft.Resources/deployments/*",
        "Microsoft.Support/*"
    ],
    "NotActions": [],
    "AssignableScopes": [
        "/subscriptions/c0ec6f80-33d1-4f5a-aeee-968b216cb574/resourceGroups/tl-local-e057e70a-caf2-11e9-a32f-2a2ae2dbcce4"
    ]
}