{
    "if": {
        "anyOf": [
            {
                "allOf": [
                    {
                        "field": "type",
                        "equals": "Microsoft.Storage/storageAccounts"
                    },
                    {
                        "not": {
                            "field": "Microsoft.Storage/storageAccounts/sku.name",
                            "in": [
                                "Standard_LRS"
                            ]
                        }
                    }
                ]
            },
            {
                "allOf": [
                    {
                        "field": "type",
                        "equals": "Microsoft.Devices/iotHubs"
                    },
                    {
                        "not": {
                            "field": "Microsoft.Devices/iotHubs/sku.name",
                            "in": [
                                "S1"
                            ]
                        }
                    }
                ]
            }
        ]
    },
    "then": {
        "effect": "Deny"
    }
}