{
    "$schema": "https://schema.management.azure.com/schemas/2015-01-01/deploymentTemplate.json#",
    "contentVersion": "1.0.0.0",
    "parameters": {
        "adminUsername": {
            "type": "string",
            "metadata": {
                "description": "Username for the Virtual Machine."
            }
        },
        "az_var_username": {
            "type": "string",
            "defaultValue": "",
            "metadata": {
                "description": "New Active Directory Username"
            }
        },
        "az_var_user_email": {
            "type": "string",
            "defaultValue": "",
            "metadata": {
                "description": "New Active Directory User Email ID"
            }
        },
        "az_var_password": {
            "type": "string",
            "defaultValue": "",
            "metadata": {
                "description": "New Active Directory Password"
            }
        },
        "az_var_tenant_name": {
            "type": "string",
            "defaultValue": "",
            "metadata": {
                "description": "Tenant name of the User"
            }
        },
        "az_var_location": {
            "type": "string",
            "defaultValue": "",
            "metadata": {
                "description": "Location of resource group"
            }
        },
        "az_var_user_principal_id": {
            "type": "string",
            "defaultValue": "",
            "metadata": {
                "description": "az_var_user_principal_id if the user that will be given resouces access to the resourceGroup"
            }
        },
        "az_var_resource_group": {
            "type": "string",
            "defaultValue": ""
        },
        "az_var_role_definition_id": {
            "type": "string",
            "defaultValue": ""
        },
        "az_var_policy_definition_id": {
            "type": "string",
            "defaultValue": ""
        },
        "roleAssignmentName": {
            "type": "string",
            "defaultValue": "[newGuid()]"
        },
        "policyAssignmentName": {
            "type": "string",
            "defaultValue": "[newGuid()]"
        },
        "az_var_tenant_id": {
            "type": "string",
            "defaultValue": "",
            "metadata": {
                "description": "Tenant name of the ID"
            }
        },
        "az_var_subscription_id": {
            "type": "string",
            "defaultValue": ""
        },
        "az_var_deployment_auuid": {
            "type": "string",
            "defaultValue": ""
        }
    },
    "variables": {},
    "resources": [
        {
            "type": "Microsoft.Authorization/policyAssignments",
            "name": "[parameters('policyAssignmentName')]",
            "apiVersion": "2018-05-01",
            "dependsOn": [],
            "properties": {
                "scope": "[concat(subscription().id, '/resourceGroups/', parameters('az_var_resource_group'))]",
                "policyDefinitionId": "[parameters('az_var_policy_definition_id')]"
            }
        },
        {
            "name": "[parameters('roleAssignmentName')]",
            "type": "Microsoft.Authorization/roleAssignments",
            "apiVersion": "2017-09-01",
            "dependsOn": [],
            "properties": {
                "roleDefinitionId": "[parameters('az_var_role_definition_id')]",
                "principalId": "[parameters('az_var_user_principal_id')]",
                "scope": "[concat(subscription().id, '/resourceGroups/', parameters('az_var_resource_group'))]"
            }
        }
    ],
    "outputs": {
        "az_var_tenant_id": {
            "type": "string",
            "value": "[parameters('az_var_tenant_id')]"
        },
        "az_var_subscription_id": {
            "type": "string",
            "value": "[parameters('az_var_subscription_id')]"
        },
        "az_var_deployment_auuid": {
            "type": "string",
            "value": "[parameters('az_var_deployment_auuid')]"
        },
        "az_var_user_email": {
            "type": "string",
            "value": "[parameters('az_var_user_email')]"
        },
        "az_var_username": {
            "type": "string",
            "value": "[parameters('az_var_username')]"
        },
        "az_var_password": {
            "type": "string",
            "value": "[parameters('az_var_password')]"
        },
        "az_var_tenant_name": {
            "type": "string",
            "value": "[parameters('az_var_tenant_name')]"
        },
        "az_var_resource_group": {
            "type": "string",
            "value": "[parameters('az_var_resource_group')]"
        },
        "az_var_location": {
            "type": "string",
            "value": "[parameters('az_var_location')]"
        }
    }
}